Date,Series,Open,High,Low,Prev Close,ltp,Close,VWAP,52WH,52WL,Volume,Value,No.of Traders
31-Dec-24,EQ,"1,062.00","1,070.45","1,058.50","1,069.95","1,068.00","1,064.70","1,064.48","1,339.65",995.7,"52,92,136","5,63,33,87,060.50","1,61,817"
30-Dec-24,EQ,"1,074.10","1,096.50","1,063.95","1,077.45","1,070.00","1,069.95","1,075.16","1,339.65",995.7,"94,52,155","10,16,25,55,228.40","1,72,968"
27-Dec-24,EQ,"1,078.10","1,086.25","1,076.00","1,076.70","1,078.20","1,077.45","1,080.19","1,339.65",995.7,"38,01,667","4,10,65,08,621.15","1,13,788"
26-Dec-24,EQ,"1,083.00","1,092.60","1,072.75","1,078.90","1,077.25","1,076.70","1,078.34","1,339.65",995.7,"47,75,460","5,14,95,74,877.30","1,19,071"
24-Dec-24,EQ,"1,077.30","1,084.75","1,076.00","1,079.15","1,081.90","1,078.90","1,080.42","1,339.65",995.7,"43,43,694","4,69,30,16,607.75","1,28,592"
23-Dec-24,EQ,"1,075.10","1,083.55","1,072.40","1,071.85","1,077.00","1,079.15","1,078.51","1,339.65",995.7,"38,86,921","4,19,20,85,929.05","1,32,669"
20-Dec-24,EQ,"1,103.95","1,105.85","1,065.00","1,108.90","1,070.00","1,071.85","1,081.98","1,339.65",995.7,"1,26,23,056","13,65,79,02,420.55","2,59,785"
19-Dec-24,EQ,"1,104.90","1,119.05","1,101.05","1,122.25","1,110.75","1,108.90","1,109.36","1,339.65",995.7,"1,16,77,610","12,95,46,24,207.55","2,25,005"
18-Dec-24,EQ,"1,136.20","1,139.90","1,115.95","1,136.25","1,123.50","1,122.25","1,124.97","1,339.65",995.7,"72,22,127","8,12,47,10,986.15","2,05,675"
17-Dec-24,EQ,"1,145.25","1,151.85","1,130.00","1,150.90","1,134.80","1,136.25","1,138.96","1,339.65",995.7,"72,92,817","8,30,62,22,760.00","1,70,342"
16-Dec-24,EQ,"1,146.50","1,155.00","1,141.75","1,148.15","1,148.00","1,150.90","1,149.03","1,339.65",995.7,"39,75,202","4,56,76,25,457.70","90,921"
13-Dec-24,EQ,"1,141.00","1,152.70","1,113.65","1,145.65","1,151.90","1,148.15","1,136.01","1,339.65",995.7,"87,31,618","9,91,91,84,165.70","1,92,015"
12-Dec-24,EQ,"1,145.00","1,154.55","1,143.60","1,147.25","1,145.00","1,145.65","1,149.13","1,339.65",995.7,"48,25,283","5,54,48,97,041.55","1,44,279"
11-Dec-24,EQ,"1,150.00","1,158.35","1,144.55","1,153.65","1,147.00","1,147.25","1,152.07","1,339.65",995.7,"77,88,242","8,97,25,83,839.45","1,85,882"
10-Dec-24,EQ,"1,157.00","1,165.05","1,151.25","1,163.25","1,155.00","1,153.65","1,156.40","1,339.65",995.7,"47,14,389","5,45,17,18,848.25","1,77,982"
9-Dec-24,EQ,"1,184.25","1,186.00","1,161.00","1,184.55","1,167.90","1,163.25","1,170.80","1,339.65",995.7,"63,08,112","7,38,55,08,325.10","1,91,881"
6-Dec-24,EQ,"1,167.50","1,193.85","1,160.00","1,166.40","1,183.90","1,184.55","1,183.30","1,339.65",995.7,"75,42,210","8,92,46,81,425.80","1,72,308"
5-Dec-24,EQ,"1,164.00","1,176.90","1,150.10","1,159.45","1,168.50","1,166.40","1,166.20","1,339.65",995.7,"1,06,40,451","12,40,88,50,465.30","2,64,133"
4-Dec-24,EQ,"1,157.50","1,168.00","1,153.90","1,160.50","1,158.75","1,159.45","1,158.67","1,339.65",995.7,"1,83,79,798","21,29,61,77,515.45","1,83,298"
3-Dec-24,EQ,"1,144.40","1,164.90","1,138.00","1,137.10","1,161.00","1,160.50","1,156.52","1,339.65",995.7,"83,82,042","9,69,39,60,807.10","2,06,150"
2-Dec-24,EQ,"1,132.70","1,141.40","1,126.60","1,136.30","1,136.35","1,137.10","1,133.73","1,339.65",995.7,"47,85,858","5,42,58,53,341.75","1,25,708"
29-Nov-24,EQ,"1,133.55","1,140.90","1,127.70","1,132.50","1,137.00","1,136.30","1,135.67","1,339.65",995.7,"64,06,277","7,27,53,87,402.10","1,33,772"
28-Nov-24,EQ,"1,148.50","1,154.45","1,129.40","1,149.65","1,135.00","1,132.50","1,139.36","1,339.65",995.7,"1,07,31,275","12,22,67,50,821.65","2,11,822"
27-Nov-24,EQ,"1,145.20","1,155.45","1,133.55","1,144.80","1,151.00","1,149.65","1,146.57","1,339.65",995.7,"59,89,943","6,86,79,13,333.05","1,52,024"
26-Nov-24,EQ,"1,157.10","1,159.60","1,142.65","1,155.90","1,143.30","1,144.80","1,147.29","1,339.65",995.7,"51,27,437","5,88,26,72,288.85","1,50,905"
25-Nov-24,EQ,"1,160.00","1,164.50","1,142.00","1,142.40","1,156.70","1,155.90","1,155.03","1,339.65",995.7,"1,23,85,823","14,30,60,27,187.70","1,82,859"
22-Nov-24,EQ,"1,136.65","1,147.90","1,127.55","1,139.15","1,141.80","1,142.40","1,135.51","1,339.65",980.35,"1,66,87,505","18,94,88,68,769.25","1,93,290"
21-Nov-24,EQ,"1,138.00","1,152.00","1,115.75","1,133.95","1,143.50","1,139.15","1,136.70","1,339.65",980.35,"81,26,248","9,23,71,18,686.80","2,31,458"
19-Nov-24,EQ,"1,130.00","1,139.00","1,122.05","1,126.20","1,133.45","1,133.95","1,129.17","1,339.65",980.35,"1,92,25,966","21,70,93,08,849.05","1,82,241"
18-Nov-24,EQ,"1,131.20","1,135.00","1,121.55","1,140.70","1,125.45","1,126.20","1,126.29","1,339.65",980.35,"94,74,971","10,67,15,59,722.60","2,96,779"
14-Nov-24,EQ,"1,137.55","1,150.75","1,131.60","1,139.15","1,140.00","1,140.70","1,140.75","1,339.65",980.35,"59,75,873","6,81,69,64,756.50","1,98,141"
13-Nov-24,EQ,"1,151.90","1,165.50","1,135.10","1,158.15","1,142.35","1,139.15","1,146.87","1,339.65",980.35,"80,79,113","9,26,56,87,388.30","1,94,201"
12-Nov-24,EQ,"1,171.65","1,187.00","1,153.80","1,171.00","1,156.95","1,158.15","1,167.09","1,339.65",980.35,"96,06,088","11,21,11,23,906.70","1,85,151"
11-Nov-24,EQ,"1,152.00","1,176.80","1,142.95","1,160.95","1,169.00","1,171.00","1,164.66","1,339.65",980.35,"66,20,678","7,71,08,08,831.30","1,70,071"
8-Nov-24,EQ,"1,156.00","1,167.75","1,151.10","1,159.90","1,161.40","1,160.95","1,160.41","1,339.65",980.35,"37,86,168","4,39,34,91,687.50","1,28,235"
7-Nov-24,EQ,"1,168.60","1,172.90","1,151.05","1,166.50","1,160.45","1,159.90","1,158.93","1,339.65",980.35,"62,52,889","7,24,66,54,842.35","1,15,427"
6-Nov-24,EQ,"1,171.80","1,183.55","1,161.45","1,171.70","1,169.00","1,166.50","1,171.86","1,339.65",980.35,"1,03,53,506","12,13,28,51,140.85","1,99,551"
5-Nov-24,EQ,"1,138.95","1,174.90","1,133.45","1,139.25","1,170.15","1,171.70","1,155.00","1,339.65",980.35,"1,17,01,049","13,51,47,27,894.20","2,00,551"
4-Nov-24,EQ,"1,172.00","1,176.95","1,135.45","1,169.55","1,143.65","1,139.25","1,145.67","1,339.65",980.35,"92,88,653","10,64,17,70,470.00","2,03,455"
1-Nov-24,EQ,"1,164.05","1,172.50","1,164.00","1,159.55","1,169.40","1,169.55","1,170.07","1,339.65",968,"4,60,781","53,91,43,760.50","16,890"
31-Oct-24,EQ,"1,165.50","1,178.00","1,153.85","1,170.40","1,167.00","1,159.55","1,163.31","1,339.65",968,"86,82,294","10,10,01,93,551.20","1,91,979"
30-Oct-24,EQ,"1,178.75","1,187.65","1,164.30","1,186.85","1,172.00","1,170.40","1,171.69","1,339.65",968,"96,86,560","11,34,96,18,006.60","1,86,687"
29-Oct-24,EQ,"1,176.40","1,191.20","1,157.60","1,171.60","1,183.35","1,186.85","1,179.24","1,339.65",968,"99,08,946","11,68,50,24,900.55","2,24,353"
28-Oct-24,EQ,"1,194.00","1,194.00","1,167.05","1,189.35","1,174.00","1,171.60","1,177.69","1,339.65",968,"85,72,243","10,09,54,25,231.55","2,63,932"
25-Oct-24,EQ,"1,187.00","1,201.75","1,170.00","1,167.35","1,189.00","1,189.35","1,182.18","1,339.65",951.4,"1,27,98,716","15,13,04,05,132.90","2,91,497"
24-Oct-24,EQ,"1,165.00","1,175.20","1,154.65","1,160.40","1,167.00","1,167.35","1,165.52","1,339.65",951.4,"50,46,700","5,88,20,50,589.60","1,34,482"
23-Oct-24,EQ,"1,175.10","1,183.15","1,158.65","1,175.75","1,161.50","1,160.40","1,165.58","1,339.65",951.4,"65,01,834","7,57,83,88,501.30","1,26,462"
22-Oct-24,EQ,"1,194.25","1,198.00","1,173.35","1,190.30","1,177.00","1,175.75","1,183.75","1,339.65",951.4,"72,56,246","8,58,95,64,115.60","2,07,796"
21-Oct-24,EQ,"1,196.85","1,214.80","1,185.55","1,196.85","1,189.00","1,190.30","1,197.22","1,339.65",951.4,"74,56,038","8,92,65,49,422.95","1,81,753"
18-Oct-24,EQ,"1,158.00","1,203.85","1,156.05","1,131.85","1,196.95","1,196.85","1,185.61","1,339.65",951.4,"2,08,29,666","24,69,59,40,613.15","3,93,521"
17-Oct-24,EQ,"1,151.00","1,151.35","1,124.00","1,153.20","1,131.00","1,131.85","1,134.23","1,339.65",951.4,"65,95,231","7,48,05,40,491.80","2,05,556"
16-Oct-24,EQ,"1,151.00","1,162.95","1,148.10","1,153.85","1,150.00","1,153.20","1,154.48","1,339.65",951.4,"77,39,854","8,93,54,84,701.45","1,45,230"
15-Oct-24,EQ,"1,166.10","1,172.00","1,149.50","1,164.35","1,157.70","1,153.85","1,158.79","1,339.65",951.4,"87,41,516","10,12,95,78,124.70","1,56,359"
14-Oct-24,EQ,"1,171.55","1,175.00","1,156.60","1,172.45","1,168.75","1,164.35","1,166.10","1,339.65",951.4,"97,65,296","11,38,73,40,902.65","1,84,595"
11-Oct-24,EQ,"1,182.50","1,188.20","1,166.00","1,184.25","1,173.20","1,172.45","1,175.82","1,339.65",951.4,"47,54,158","5,59,00,41,386.50","1,24,062"
10-Oct-24,EQ,"1,177.00","1,191.00","1,175.05","1,170.15","1,183.70","1,184.25","1,183.78","1,339.65",951.4,"68,06,243","8,05,70,65,247.40","1,58,576"
9-Oct-24,EQ,"1,154.00","1,185.00","1,154.00","1,153.30","1,170.20","1,170.15","1,170.93","1,339.65",951.4,"98,07,734","11,48,41,99,414.60","2,03,169"
8-Oct-24,EQ,"1,153.00","1,168.35","1,142.50","1,145.70","1,157.35","1,153.30","1,157.61","1,339.65",951.4,"84,64,570","9,79,86,91,715.55","2,06,099"
7-Oct-24,EQ,"1,182.95","1,184.85","1,130.90","1,178.40","1,151.30","1,145.70","1,157.29","1,339.65",951.4,"2,00,47,013","23,20,01,40,647.15","4,05,533"
4-Oct-24,EQ,"1,175.50","1,202.80","1,174.00","1,175.70","1,183.00","1,178.40","1,185.15","1,339.65",951.4,"1,30,64,515","15,48,34,33,873.00","2,68,686"
3-Oct-24,EQ,"1,207.50","1,219.15","1,173.10","1,226.65","1,178.00","1,175.70","1,191.00","1,339.65",951.4,"1,73,00,892","20,60,53,04,604.25","3,24,821"
1-Oct-24,EQ,"1,228.10","1,242.95","1,224.65","1,232.20","1,227.50","1,226.65","1,232.05","1,339.65",951.4,"1,11,64,280","13,75,49,69,650.55","1,39,543"
30-Sep-24,EQ,"1,263.50","1,275.00","1,229.35","1,273.15","1,231.60","1,232.20","1,241.68","1,339.65",951.4,"84,66,919","10,51,31,83,747.10","2,82,624"
27-Sep-24,EQ,"1,273.00","1,281.55","1,257.25","1,277.10","1,275.10","1,273.15","1,271.84","1,339.65",951.4,"1,33,72,027","17,00,71,37,717.35","2,73,519"
26-Sep-24,EQ,"1,267.55","1,281.65","1,262.25","1,268.10","1,274.00","1,277.10","1,273.62","1,339.65",951.4,"72,70,078","9,25,93,22,711.90","1,91,113"
25-Sep-24,EQ,"1,238.00","1,271.00","1,231.10","1,239.55","1,269.15","1,268.10","1,256.08","1,339.65",951.4,"68,53,324","8,60,83,34,038.65","1,99,190"
24-Sep-24,EQ,"1,241.10","1,247.10","1,235.35","1,246.80","1,240.50","1,239.55","1,240.21","1,339.65",951.4,"92,25,946","11,44,20,71,000.35","2,43,688"
23-Sep-24,EQ,"1,251.50","1,252.45","1,240.55","1,245.00","1,246.00","1,246.80","1,246.62","1,339.65",951.4,"54,62,814","6,81,00,67,498.20","1,59,179"
20-Sep-24,EQ,"1,244.00","1,250.00","1,229.90","1,242.70","1,249.95","1,245.00","1,242.12","1,339.65",951.4,"1,50,09,629","18,64,37,61,573.35","2,70,705"
19-Sep-24,EQ,"1,248.45","1,261.70","1,239.00","1,240.45","1,244.80","1,242.70","1,246.26","1,339.65",951.4,"84,49,864","10,53,06,94,484.60","2,01,989"
18-Sep-24,EQ,"1,231.90","1,250.40","1,225.00","1,232.10","1,235.20","1,240.45","1,241.16","1,339.65",951.4,"82,10,034","10,18,99,64,995.45","1,97,803"
17-Sep-24,EQ,"1,235.20","1,240.60","1,227.60","1,231.05","1,228.50","1,232.10","1,235.07","1,339.65",951.4,"80,30,427","9,91,81,22,194.75","1,97,225"
16-Sep-24,EQ,"1,222.00","1,234.00","1,215.00","1,217.45","1,230.35","1,231.05","1,229.07","1,339.65",951.4,"40,39,284","4,96,45,57,616.95","1,59,159"
13-Sep-24,EQ,"1,209.90","1,219.55","1,201.00","1,203.35","1,214.95","1,217.45","1,213.26","1,339.65",951.4,"67,62,566","8,20,47,67,473.10","1,17,268"
12-Sep-24,EQ,"1,190.10","1,205.70","1,176.75","1,186.10","1,202.60","1,203.35","1,195.28","1,339.65",951.4,"75,92,871","9,07,55,93,755.85","2,11,321"
11-Sep-24,EQ,"1,187.20","1,194.85","1,181.00","1,187.20","1,188.65","1,186.10","1,186.48","1,339.65",951.4,"60,00,329","7,11,92,66,579.95","1,28,372"
10-Sep-24,EQ,"1,178.90","1,190.85","1,173.35","1,170.85","1,186.55","1,187.20","1,185.77","1,339.65",951.4,"87,23,854","10,34,44,70,324.55","3,39,582"
9-Sep-24,EQ,"1,158.00","1,175.60","1,145.00","1,158.75","1,170.30","1,170.85","1,161.47","1,339.65",951.4,"77,00,940","8,94,44,48,986.65","2,25,960"
6-Sep-24,EQ,"1,176.00","1,181.35","1,150.80","1,180.55","1,158.75","1,158.75","1,161.22","1,339.65",951.4,"98,74,576","11,46,65,77,799.90","2,11,550"
5-Sep-24,EQ,"1,182.00","1,182.85","1,173.45","1,177.70","1,180.00","1,180.55","1,179.33","1,339.65",951.4,"42,34,766","4,99,42,03,536.30","1,28,572"
4-Sep-24,EQ,"1,182.70","1,189.65","1,173.30","1,191.60","1,179.00","1,177.70","1,177.75","1,339.65",951.4,"65,27,941","7,68,82,71,692.30","2,20,127"
3-Sep-24,EQ,"1,188.00","1,193.55","1,176.70","1,188.80","1,191.00","1,191.60","1,186.88","1,339.65",951.4,"79,20,246","9,40,04,12,970.30","1,74,451"
2-Sep-24,EQ,"1,176.00","1,194.00","1,174.10","1,175.25","1,189.00","1,188.80","1,185.75","1,339.65",951.4,"64,32,362","7,62,71,88,167.30","2,16,075"
30-Aug-24,EQ,"1,177.00","1,182.95","1,171.85","1,175.40","1,179.00","1,175.25","1,175.92","1,339.65",951.4,"1,01,90,506","11,98,32,27,663.65","1,68,053"
29-Aug-24,EQ,"1,169.00","1,179.90","1,163.40","1,170.95","1,175.00","1,175.40","1,173.27","1,339.65",951.4,"72,90,114","8,55,32,56,100.85","2,44,482"
28-Aug-24,EQ,"1,177.00","1,181.70","1,169.35","1,181.25","1,169.90","1,170.95","1,172.25","1,339.65",951.4,"54,83,503","6,42,80,56,142.05","1,54,330"
27-Aug-24,EQ,"1,170.00","1,184.85","1,164.25","1,170.30","1,177.90","1,181.25","1,178.19","1,339.65",951.4,"87,02,113","10,25,27,52,293.05","1,56,791"
26-Aug-24,EQ,"1,171.70","1,175.25","1,166.10","1,165.95","1,171.70","1,170.30","1,170.98","1,339.65",951.4,"33,92,612","3,97,26,70,581.05","90,913"
23-Aug-24,EQ,"1,170.00","1,173.95","1,163.50","1,169.95","1,167.60","1,165.95","1,168.65","1,339.65",943.95,"51,21,962","5,98,58,02,416.35","96,601"
22-Aug-24,EQ,"1,179.70","1,181.00","1,168.95","1,174.40","1,170.00","1,169.95","1,173.37","1,339.65",943.95,"58,41,326","6,85,40,64,563.20","1,62,840"
21-Aug-24,EQ,"1,166.60","1,178.00","1,161.50","1,168.00","1,176.40","1,174.40","1,170.90","1,339.65",943.95,"94,80,630","11,10,09,13,642.45","2,01,270"
20-Aug-24,EQ,"1,158.00","1,177.00","1,154.65","1,153.25","1,165.50","1,168.00","1,169.13","1,339.65",943.95,"67,21,749","7,85,85,83,395.45","1,71,688"
19-Aug-24,EQ,"1,169.00","1,171.30","1,150.20","1,166.85","1,155.00","1,153.25","1,157.22","1,339.65",943.95,"66,91,823","7,74,38,83,012.05","1,18,636"
16-Aug-24,EQ,"1,166.40","1,170.00","1,149.60","1,153.10","1,166.80","1,166.85","1,160.70","1,339.65",928.9,"61,07,134","7,08,85,46,944.35","1,60,066"
14-Aug-24,EQ,"1,159.00","1,159.00","1,148.65","1,159.60","1,152.65","1,153.10","1,152.17","1,339.65",928.9,"50,21,841","5,78,60,06,315.65","1,39,328"
13-Aug-24,EQ,"1,161.35","1,179.60","1,155.40","1,164.30","1,160.65","1,159.60","1,166.32","1,339.65",928.9,"61,80,463","7,20,83,94,970.45","1,86,848"
12-Aug-24,EQ,"1,146.00","1,169.10","1,135.85","1,142.75","1,163.35","1,164.30","1,159.84","1,339.65",928.9,"90,78,384","10,52,94,70,351.40","1,75,596"
9-Aug-24,EQ,"1,152.00","1,155.70","1,139.95","1,138.15","1,142.35","1,142.75","1,147.33","1,339.65",928.9,"62,62,086","7,18,46,98,054.30","1,26,822"
8-Aug-24,EQ,"1,133.10","1,142.80","1,126.00","1,136.80","1,134.00","1,138.15","1,134.61","1,339.65",928.9,"79,03,428","8,96,72,80,558.10","2,15,522"
7-Aug-24,EQ,"1,138.80","1,144.80","1,127.00","1,126.10","1,140.85","1,136.80","1,134.67","1,339.65",928.9,"83,70,312","9,49,75,07,291.25","2,77,455"
6-Aug-24,EQ,"1,140.00","1,151.00","1,123.10","1,133.50","1,127.30","1,126.10","1,132.42","1,339.65",928.9,"85,71,122","9,70,60,82,526.20","2,51,117"
5-Aug-24,EQ,"1,142.00","1,151.45","1,124.30","1,160.85","1,131.50","1,133.50","1,131.75","1,339.65",928.9,"1,20,13,362","13,59,61,64,377.15","2,34,756"
2-Aug-24,EQ,"1,164.00","1,167.80","1,156.10","1,172.30","1,161.90","1,160.85","1,161.56","1,339.65",927.15,"1,05,81,445","12,29,09,60,339.65","2,53,876"
1-Aug-24,EQ,"1,168.00","1,175.65","1,165.45","1,166.10","1,172.00","1,172.30","1,171.08","1,339.65",927.15,"1,11,90,500","13,10,50,19,619.00","2,24,349"
31-Jul-24,EQ,"1,157.00","1,171.00","1,154.00","1,170.00","1,167.80","1,166.10","1,162.86","1,339.65",927.15,"1,73,47,076","20,17,22,76,869.40","3,74,991"
30-Jul-24,EQ,"1,164.10","1,180.00","1,160.20","1,170.05","1,167.30","1,170.00","1,172.50","1,339.65",927.15,"1,80,90,045","21,21,05,54,578.25","2,74,170"
29-Jul-24,EQ,"1,182.35","1,194.60","1,163.65","1,177.35","1,169.25","1,170.05","1,176.22","1,339.65",927.15,"1,95,98,573","23,05,21,40,304.25","3,49,227"
26-Jul-24,EQ,"1,165.00","1,183.15","1,155.25","1,175.90","1,176.00","1,177.35","1,172.13","1,339.65",927.15,"1,85,54,648","21,74,84,97,042.25","4,34,545"
25-Jul-24,EQ,"1,200.00","1,200.00","1,155.50","1,239.25","1,176.25","1,175.90","1,167.71","1,339.65",927.15,"3,29,79,871","38,51,10,48,600.35","5,81,999"
24-Jul-24,EQ,"1,262.90","1,267.35","1,226.65","1,263.25","1,240.20","1,239.25","1,240.49","1,339.65",927.15,"1,03,44,860","12,83,26,86,445.35","2,34,782"
23-Jul-24,EQ,"1,288.50","1,291.10","1,251.00","1,282.50","1,264.10","1,263.25","1,270.80","1,339.65",927.15,"87,89,327","11,16,95,00,939.60","2,15,324"
22-Jul-24,EQ,"1,283.35","1,292.35","1,278.20","1,292.35","1,286.20","1,282.50","1,284.30","1,339.65",927.15,"66,95,557","8,59,91,32,671.70","1,64,189"
19-Jul-24,EQ,"1,305.65","1,309.00","1,288.20","1,309.40","1,293.80","1,292.35","1,296.77","1,339.65",927.15,"44,96,066","5,83,03,80,848.30","1,15,594"
18-Jul-24,EQ,"1,300.00","1,318.60","1,294.50","1,304.00","1,310.00","1,309.40","1,307.66","1,339.65",927.15,"67,87,511","8,87,57,65,736.20","1,99,758"
16-Jul-24,EQ,"1,307.45","1,318.45","1,299.70","1,307.45","1,305.45","1,304.00","1,303.98","1,339.65",927.15,"54,33,264","7,08,48,62,112.60","1,69,454"
15-Jul-24,EQ,"1,316.70","1,324.40","1,305.00","1,317.30","1,308.45","1,307.45","1,311.89","1,339.65",927.15,"1,15,37,127","15,13,53,87,983.05","2,14,007"
12-Jul-24,EQ,"1,293.90","1,339.65","1,293.90","1,296.75","1,317.00","1,317.30","1,320.56","1,339.65",927.15,"1,12,78,987","14,89,45,75,098.80","2,97,723"
11-Jul-24,EQ,"1,301.05","1,301.40","1,276.95","1,291.65","1,299.30","1,296.75","1,291.18","1,310.00",927.15,"78,48,846","10,13,42,79,274.55","2,32,678"
10-Jul-24,EQ,"1,284.20","1,294.00","1,275.15","1,289.40","1,291.05","1,291.65","1,287.01","1,310.00",927.15,"90,20,489","11,60,94,70,885.70","1,98,328"
9-Jul-24,EQ,"1,284.00","1,295.00","1,279.20","1,287.85","1,287.40","1,289.40","1,286.65","1,310.00",927.15,"69,30,340","8,91,69,50,649.80","1,63,202"
8-Jul-24,EQ,"1,285.00","1,297.40","1,279.60","1,287.05","1,289.00","1,287.85","1,285.90","1,310.00",927.15,"42,16,951","5,42,25,66,780.50","95,592"
5-Jul-24,EQ,"1,272.00","1,295.40","1,270.90","1,280.90","1,284.00","1,287.05","1,284.18","1,310.00",927.15,"85,93,502","11,03,55,96,547.70","2,20,462"
4-Jul-24,EQ,"1,288.00","1,293.00","1,268.50","1,280.00","1,277.80","1,280.90","1,280.77","1,310.00",927.15,"48,17,380","6,16,99,70,460.95","1,82,778"
3-Jul-24,EQ,"1,260.00","1,288.60","1,243.60","1,253.40","1,276.20","1,280.00","1,275.89","1,310.00",927.15,"1,51,71,347","19,35,69,73,831.75","2,75,391"
2-Jul-24,EQ,"1,265.00","1,267.85","1,238.25","1,261.90","1,250.00","1,253.40","1,251.60","1,310.00",927.15,"99,45,447","12,44,77,63,788.80","2,58,476"
1-Jul-24,EQ,"1,273.00","1,273.00","1,256.45","1,265.25","1,259.70","1,261.90","1,264.66","1,310.00",927.15,"57,97,015","7,33,12,80,202.85","1,83,547"
28-Jun-24,EQ,"1,283.10","1,289.90","1,261.60","1,288.95","1,263.80","1,265.25","1,272.14","1,310.00",927.15,"71,67,069","9,11,74,94,214.80","2,74,653"
27-Jun-24,EQ,"1,310.00","1,310.00","1,280.00","1,285.40","1,288.05","1,288.95","1,293.09","1,310.00",927.15,"2,23,11,393","28,85,05,81,982.40","2,95,852"
26-Jun-24,EQ,"1,281.10","1,292.95","1,259.20","1,271.45","1,284.00","1,285.40","1,277.28","1,292.95",927.15,"1,39,56,370","17,82,62,61,937.80","2,52,419"
25-Jun-24,EQ,"1,234.45","1,278.75","1,226.00","1,228.10","1,272.65","1,271.45","1,259.63","1,278.75",927.15,"1,76,07,952","22,17,94,90,315.10","3,28,365"
24-Jun-24,EQ,"1,231.00","1,235.75","1,225.05","1,237.45","1,229.65","1,228.10","1,229.00","1,246.00",927.15,"66,76,530","8,20,54,23,840.80","1,99,186"
21-Jun-24,EQ,"1,246.00","1,246.00","1,223.75","1,239.50","1,232.10","1,237.45","1,229.24","1,246.00",927.15,"2,93,11,314","36,03,05,14,617.60","2,36,969"
20-Jun-24,EQ,"1,230.10","1,241.50","1,220.40","1,226.65","1,238.00","1,239.50","1,234.40","1,243.35",927.15,"82,06,858","10,13,05,77,306.25","1,84,564"
19-Jun-24,EQ,"1,193.00","1,243.35","1,185.50","1,191.90","1,229.00","1,226.65","1,216.95","1,243.35",927.15,"1,79,87,437","21,88,98,74,992.90","3,38,098"
18-Jun-24,EQ,"1,194.00","1,194.00","1,181.15","1,181.05","1,190.00","1,191.90","1,188.94","1,242.20",927.15,"68,37,181","8,12,89,78,098.40","1,66,191"
14-Jun-24,EQ,"1,180.95","1,184.65","1,170.00","1,174.65","1,181.00","1,181.05","1,178.90","1,242.20",927.15,"44,51,031","5,24,73,12,164.10","1,75,362"
13-Jun-24,EQ,"1,201.80","1,202.00","1,173.45","1,187.90","1,175.50","1,174.65","1,182.78","1,242.20",927.15,"53,21,148","6,29,37,67,209.90","1,66,167"
12-Jun-24,EQ,"1,192.10","1,206.15","1,184.10","1,194.60","1,186.00","1,187.90","1,193.99","1,242.20",927.15,"71,99,718","8,59,64,01,078.25","2,06,029"
11-Jun-24,EQ,"1,204.45","1,209.35","1,190.45","1,200.00","1,193.00","1,194.60","1,199.79","1,242.20",927.15,"93,90,212","11,26,62,64,173.15","1,75,931"
10-Jun-24,EQ,"1,185.00","1,212.40","1,185.00","1,186.80","1,196.95","1,200.00","1,205.31","1,242.20",927.15,"99,95,057","12,04,71,64,277.30","3,53,620"
7-Jun-24,EQ,"1,178.00","1,195.20","1,166.75","1,170.95","1,188.00","1,186.80","1,186.19","1,242.20",927.15,"85,83,998","10,18,22,91,291.25","1,86,416"
6-Jun-24,EQ,"1,192.10","1,195.90","1,163.25","1,184.50","1,174.00","1,170.95","1,177.39","1,242.20",927.15,"1,20,06,879","14,13,67,79,337.85","3,34,949"
5-Jun-24,EQ,"1,138.00","1,193.00","1,110.70","1,131.25","1,180.50","1,184.50","1,152.75","1,242.20",927.15,"2,10,39,499","24,25,33,12,563.50","3,82,962"
4-Jun-24,EQ,"1,224.00","1,224.00","1,101.55","1,223.90","1,138.00","1,131.25","1,154.47","1,242.20",927.15,"2,41,35,989","27,86,43,28,324.90","4,96,520"
3-Jun-24,EQ,"1,197.05","1,242.20","1,193.40","1,162.15","1,230.00","1,223.90","1,217.27","1,242.20",927.15,"2,21,97,339","27,02,02,48,884.00","4,05,670"
31-May-24,EQ,"1,173.00","1,178.00","1,153.40","1,167.95","1,164.05","1,162.15","1,163.57","1,196.00",910.2,"1,00,57,642","11,70,27,97,392.00","1,81,548"
30-May-24,EQ,"1,155.20","1,179.80","1,155.00","1,159.75","1,172.00","1,167.95","1,167.19","1,196.00",910.2,"72,32,217","8,44,13,39,660.05","1,87,968"
29-May-24,EQ,"1,172.00","1,185.90","1,156.00","1,183.40","1,164.95","1,159.75","1,165.17","1,196.00",910.2,"94,18,064","10,97,36,38,363.45","1,59,514"
28-May-24,EQ,"1,188.00","1,192.40","1,179.00","1,187.00","1,181.00","1,183.40","1,184.71","1,196.00",910.2,"40,18,776","4,76,10,91,671.70","1,08,973"
27-May-24,EQ,"1,178.90","1,196.00","1,168.00","1,174.00","1,187.25","1,187.00","1,184.90","1,196.00",910.2,"1,04,50,046","12,38,22,09,226.70","2,37,192"
24-May-24,EQ,"1,165.50","1,177.00","1,160.60","1,165.25","1,172.95","1,174.00","1,170.10","1,182.90",910.2,"88,14,997","10,31,44,14,702.20","2,61,712"
23-May-24,EQ,"1,126.00","1,169.65","1,125.75","1,126.00","1,164.00","1,165.25","1,155.80","1,182.90",910.2,"1,28,18,081","14,81,51,26,041.05","2,30,965"
22-May-24,EQ,"1,142.00","1,142.00","1,117.95","1,137.65","1,131.40","1,126.00","1,127.49","1,182.90",910.2,"90,94,033","10,25,34,72,782.00","1,92,068"
21-May-24,EQ,"1,136.00","1,145.75","1,129.20","1,143.75","1,137.70","1,137.65","1,137.60","1,182.90",910.2,"81,62,017","9,28,50,79,457.10","1,74,810"
18-May-24,EQ,"1,142.00","1,145.00","1,137.00","1,141.35","1,142.15","1,143.75","1,141.00","1,182.90",908.95,"1,69,757","19,36,92,329.95","5,380"
17-May-24,EQ,"1,132.00","1,146.00","1,126.10","1,139.30","1,144.00","1,141.35","1,137.58","1,182.90",908.95,"99,09,986","11,27,33,63,179.90","1,68,324"
16-May-24,EQ,"1,134.15","1,143.95","1,111.30","1,128.05","1,141.90","1,139.30","1,128.00","1,182.90",908.95,"1,07,50,526","12,12,65,49,873.85","2,92,058"
15-May-24,EQ,"1,125.55","1,131.20","1,118.60","1,122.85","1,128.00","1,128.05","1,125.11","1,182.90",908.95,"54,36,338","6,11,64,93,659.40","1,98,143"
14-May-24,EQ,"1,129.95","1,136.10","1,118.10","1,132.00","1,123.05","1,122.85","1,123.60","1,182.90",908.95,"54,71,143","6,14,73,86,089.40","1,78,673"
13-May-24,EQ,"1,120.10","1,135.40","1,105.05","1,120.10","1,133.75","1,132.00","1,121.13","1,182.90",908.95,"55,13,160","6,18,09,95,003.25","2,24,158"
10-May-24,EQ,"1,123.70","1,140.00","1,113.35","1,115.65","1,122.25","1,120.10","1,124.95","1,182.90",865.3,"72,42,718","8,14,76,90,576.45","1,51,941"
9-May-24,EQ,"1,122.00","1,134.55","1,112.20","1,128.65","1,119.00","1,115.65","1,122.64","1,182.90",865.3,"52,26,693","5,86,77,16,191.65","1,68,872"
8-May-24,EQ,"1,124.65","1,135.45","1,118.25","1,127.70","1,132.00","1,128.65","1,127.70","1,182.90",865.3,"81,75,609","9,21,96,38,150.75","1,62,473"
7-May-24,EQ,"1,146.05","1,148.80","1,124.05","1,143.65","1,127.65","1,127.70","1,131.78","1,182.90",865.3,"71,15,509","8,05,32,13,188.25","1,69,525"
6-May-24,EQ,"1,143.90","1,156.00","1,135.65","1,141.50","1,144.50","1,143.65","1,146.78","1,182.90",865.3,"74,90,104","8,58,94,74,788.75","1,52,481"
3-May-24,EQ,"1,150.90","1,163.25","1,134.10","1,149.85","1,140.40","1,141.50","1,144.78","1,182.90",854.05,"99,93,632","11,44,05,45,970.40","1,93,809"
2-May-24,EQ,"1,156.00","1,174.00","1,148.00","1,165.90","1,150.00","1,149.85","1,156.76","1,182.90",854.05,"1,23,02,236","14,23,07,38,751.00","2,77,844"
30-Apr-24,EQ,"1,160.15","1,182.90","1,155.15","1,159.25","1,162.45","1,165.90","1,166.90","1,182.90",854.05,"1,89,65,164","22,13,04,62,800.40","3,27,501"
29-Apr-24,EQ,"1,130.30","1,164.00","1,125.30","1,130.30","1,159.70","1,159.25","1,150.70","1,164.00",854.05,"1,51,83,242","17,47,14,27,087.15","2,73,071"
26-Apr-24,EQ,"1,130.00","1,141.35","1,123.00","1,127.00","1,133.00","1,130.30","1,131.47","1,151.85",853.65,"1,01,33,766","11,46,60,87,902.15","2,99,648"
25-Apr-24,EQ,"1,100.00","1,133.95","1,086.10","1,063.25","1,127.45","1,127.00","1,117.17","1,151.85",853.65,"4,61,36,295","51,54,22,75,043.15","6,57,770"
24-Apr-24,EQ,"1,056.00","1,068.95","1,056.00","1,055.75","1,065.00","1,063.25","1,063.83","1,151.85",853.65,"56,41,163","6,00,12,22,460.60","1,37,910"
23-Apr-24,EQ,"1,058.00","1,060.25","1,048.75","1,053.95","1,055.00","1,055.75","1,054.18","1,151.85",853.65,"83,00,012","8,74,97,09,686.00","1,75,265"
22-Apr-24,EQ,"1,039.00","1,058.50","1,032.00","1,029.10","1,054.80","1,053.95","1,050.92","1,151.85",853.65,"94,10,832","9,88,99,88,042.70","2,17,402"
19-Apr-24,EQ,"1,015.00","1,036.95",995.7,"1,024.00","1,031.70","1,029.10","1,010.36","1,151.85",853.65,"2,15,98,007","21,82,18,52,104.50","3,59,249"
18-Apr-24,EQ,"1,044.15","1,051.40","1,013.85","1,051.90","1,025.85","1,024.00","1,032.29","1,151.85",853.65,"1,78,32,438","18,40,82,86,427.20","3,14,144"
16-Apr-24,EQ,"1,049.95","1,057.85","1,044.35","1,057.95","1,055.90","1,051.90","1,052.29","1,151.85",853.65,"71,07,881","7,47,95,54,260.75","2,14,474"
15-Apr-24,EQ,"1,063.10","1,071.00","1,055.25","1,073.45","1,057.75","1,057.95","1,062.41","1,151.85",853.65,"88,89,435","9,44,42,56,462.65","2,39,122"
12-Apr-24,EQ,"1,079.50","1,096.40","1,071.10","1,087.80","1,073.00","1,073.45","1,084.03","1,151.85",843.95,"1,80,45,983","19,56,24,60,089.05","3,85,766"
10-Apr-24,EQ,"1,086.20","1,093.00","1,080.00","1,080.00","1,084.40","1,087.80","1,087.88","1,151.85",843.95,"90,64,074","9,86,06,31,872.05","2,08,186"
9-Apr-24,EQ,"1,090.00","1,090.00","1,071.35","1,076.05","1,079.95","1,080.00","1,081.82","1,151.85",843.95,"1,13,85,226","12,31,67,72,651.30","1,91,566"
8-Apr-24,EQ,"1,067.00","1,079.45","1,063.55","1,059.10","1,077.00","1,076.05","1,074.13","1,151.85",843.95,"49,67,186","5,33,53,83,836.95","1,64,919"
5-Apr-24,EQ,"1,061.10","1,063.00","1,048.10","1,062.95","1,062.50","1,059.10","1,054.37","1,151.85",843.95,"92,10,187","9,71,09,62,597.20","2,00,225"
4-Apr-24,EQ,"1,070.00","1,080.70","1,059.15","1,063.25","1,066.00","1,062.95","1,068.44","1,151.85",843.95,"1,79,64,844","19,19,44,06,129.05","3,53,555"
3-Apr-24,EQ,"1,043.80","1,070.30","1,043.75","1,047.20","1,061.00","1,063.25","1,060.74","1,151.85",843.95,"1,15,73,590","12,27,66,23,964.65","2,81,965"
2-Apr-24,EQ,"1,051.00","1,055.85","1,040.20","1,053.10","1,050.00","1,047.20","1,046.20","1,151.85",843.95,"1,36,17,893","14,24,70,90,587.15","3,07,894"
1-Apr-24,EQ,"1,052.35","1,063.75","1,048.90","1,047.20","1,054.05","1,053.10","1,056.51","1,151.85",843.95,"54,84,556","5,79,44,62,420.05","1,81,143"
28-Mar-24,EQ,"1,052.85","1,058.40","1,044.10","1,052.85","1,046.50","1,047.20","1,050.27","1,151.85",826.05,"1,02,35,318","10,74,98,62,842.10","2,20,763"
27-Mar-24,EQ,"1,045.80","1,057.55","1,044.25","1,040.55","1,052.00","1,052.85","1,050.31","1,151.85",826.05,"1,70,27,308","17,88,40,10,983.45","2,87,048"
26-Mar-24,EQ,"1,029.00","1,044.20","1,027.50","1,033.30","1,043.00","1,040.55","1,037.47","1,151.85",826.05,"96,56,767","10,01,86,41,510.95","2,51,863"
22-Mar-24,EQ,"1,040.10","1,047.25","1,029.95","1,035.60","1,031.00","1,033.30","1,038.24","1,151.85",825.55,"98,91,194","10,26,94,36,021.05","2,36,409"
21-Mar-24,EQ,"1,039.35","1,050.55","1,028.15","1,034.75","1,041.85","1,035.60","1,037.64","1,151.85",825.55,"99,03,738","10,27,65,20,680.40","2,23,205"
20-Mar-24,EQ,"1,050.00","1,057.45","1,030.95","1,050.80","1,038.25","1,034.75","1,043.11","1,151.85",825.55,"1,26,19,644","13,16,36,64,760.15","3,39,938"
19-Mar-24,EQ,"1,055.55","1,060.95","1,046.70","1,061.35","1,050.35","1,050.80","1,051.92","1,151.85",825.55,"67,28,886","7,07,82,77,172.50","2,36,410"
18-Mar-24,EQ,"1,044.00","1,066.90","1,043.60","1,046.40","1,064.75","1,061.35","1,056.44","1,151.85",825.55,"76,12,407","8,04,20,37,127.25","2,73,150"
15-Mar-24,EQ,"1,056.25","1,056.25","1,030.25","1,058.25","1,048.00","1,046.40","1,044.51","1,151.85",814.3,"1,77,98,175","18,59,04,58,547.25","2,61,474"
14-Mar-24,EQ,"1,075.00","1,081.25","1,055.60","1,080.40","1,061.10","1,058.25","1,068.08","1,151.85",814.3,"1,02,53,613","10,95,16,73,978.40","1,93,181"
13-Mar-24,EQ,"1,096.00","1,099.55","1,070.75","1,097.00","1,078.50","1,080.40","1,079.81","1,151.85",814.3,"1,15,03,890","12,42,20,69,636.50","2,26,985"
12-Mar-24,EQ,"1,105.00","1,121.40","1,084.25","1,105.10","1,094.45","1,097.00","1,101.89","1,151.85",814.3,"98,17,138","10,81,74,33,853.80","2,28,070"
11-Mar-24,EQ,"1,112.25","1,120.00","1,101.90","1,111.45","1,102.85","1,105.10","1,108.47","1,151.85",814.3,"67,51,641","7,48,39,63,018.80","1,97,149"
7-Mar-24,EQ,"1,126.00","1,126.90","1,107.55","1,125.00","1,111.00","1,111.45","1,115.58","1,151.85",814.3,"69,43,879","7,74,64,42,476.65","2,01,584"
6-Mar-24,EQ,"1,100.20","1,131.95","1,095.35","1,100.80","1,124.00","1,125.00","1,122.91","1,151.85",814.3,"1,37,87,638","15,48,22,85,780.55","3,20,060"
5-Mar-24,EQ,"1,102.20","1,110.90","1,094.50","1,106.75","1,101.90","1,100.80","1,101.53","1,151.85",814.3,"48,51,446","5,34,40,20,979.70","1,58,323"
4-Mar-24,EQ,"1,099.25","1,108.90","1,093.10","1,096.70","1,105.25","1,106.75","1,102.35","1,151.85",814.3,"58,95,441","6,49,88,38,358.25","1,41,187"
2-Mar-24,EQ,"1,099.30","1,104.90","1,091.15","1,099.25","1,095.25","1,096.70","1,097.07","1,151.85",814.3,"2,50,465","27,47,78,449.10","8,031"
1-Mar-24,EQ,"1,076.00","1,101.70","1,076.00","1,075.10","1,098.40","1,099.25","1,092.58","1,151.85",814.3,"48,19,390","5,26,55,79,136.05","1,71,646"
29-Feb-24,EQ,"1,071.00","1,082.30","1,055.35","1,074.20","1,073.65","1,075.10","1,069.97","1,151.85",814.3,"1,36,48,997","14,60,40,48,710.15","2,31,689"
28-Feb-24,EQ,"1,077.40","1,085.00","1,064.05","1,079.05","1,071.55","1,074.20","1,073.16","1,151.85",814.3,"76,43,191","8,20,23,42,629.45","1,36,752"
27-Feb-24,EQ,"1,081.65","1,088.55","1,072.05","1,085.20","1,080.40","1,079.05","1,079.98","1,151.85",814.3,"65,46,815","7,07,04,46,833.65","2,29,780"
26-Feb-24,EQ,"1,093.45","1,094.80","1,079.65","1,096.80","1,084.00","1,085.20","1,085.80","1,151.85",814.3,"53,54,189","5,81,35,91,284.15","2,04,678"
23-Feb-24,EQ,"1,099.00","1,107.40","1,090.00","1,100.90","1,093.75","1,096.80","1,099.43","1,151.85",814.3,"62,50,943","6,87,24,67,279.45","1,80,522"
22-Feb-24,EQ,"1,090.30","1,110.70","1,081.50","1,084.20","1,098.75","1,100.90","1,098.70","1,151.85",814.3,"1,46,33,340","16,07,76,95,725.30","2,68,227"
21-Feb-24,EQ,"1,093.85","1,093.95","1,073.10","1,088.60","1,079.55","1,084.20","1,081.74","1,151.85",814.3,"91,77,213","9,92,73,35,651.25","1,99,283"
20-Feb-24,EQ,"1,059.00","1,090.50","1,057.70","1,062.95","1,087.10","1,088.60","1,078.99","1,151.85",814.3,"87,22,800","9,41,18,38,973.65","2,43,044"
19-Feb-24,EQ,"1,069.00","1,070.00","1,060.10","1,068.75","1,064.35","1,062.95","1,064.53","1,151.85",814.3,"75,62,645","8,05,06,29,517.55","1,63,537"
16-Feb-24,EQ,"1,073.00","1,076.00","1,058.00","1,072.20","1,068.00","1,068.75","1,067.11","1,151.85",814.3,"86,60,907","9,24,21,08,048.20","2,10,198"
15-Feb-24,EQ,"1,097.50","1,097.55","1,069.25","1,096.85","1,074.75","1,072.20","1,078.80","1,151.85",814.3,"1,17,80,823","12,70,92,03,876.50","2,55,813"
14-Feb-24,EQ,"1,061.30","1,100.90","1,060.55","1,070.75","1,097.00","1,096.85","1,082.95","1,151.85",814.3,"1,66,09,115","17,98,68,14,048.60","3,22,045"
13-Feb-24,EQ,"1,051.00","1,075.55","1,044.80","1,046.70","1,070.60","1,070.75","1,063.39","1,151.85",814.3,"84,13,609","8,94,69,47,169.40","2,22,013"
12-Feb-24,EQ,"1,051.40","1,057.25","1,035.35","1,051.40","1,047.00","1,046.70","1,047.27","1,151.85",814.3,"86,94,379","9,10,53,81,172.30","2,13,483"
9-Feb-24,EQ,"1,039.95","1,054.90","1,034.55","1,035.90","1,052.60","1,051.40","1,046.39","1,151.85",814.3,"82,33,454","8,61,53,86,873.55","2,45,062"
8-Feb-24,EQ,"1,072.00","1,075.60","1,031.65","1,069.10","1,036.90","1,035.90","1,043.39","1,151.85",814.3,"98,69,141","10,29,73,86,835.70","2,72,590"
7-Feb-24,EQ,"1,061.05","1,073.70","1,057.50","1,050.05","1,072.00","1,069.10","1,067.49","1,151.85",814.3,"72,81,793","7,77,32,07,507.55","2,18,920"
6-Feb-24,EQ,"1,061.55","1,065.10","1,048.20","1,061.50","1,053.00","1,050.05","1,054.50","1,151.85",814.3,"80,11,171","8,44,77,59,890.10","2,00,742"
5-Feb-24,EQ,"1,067.05","1,079.50","1,058.00","1,067.05","1,059.20","1,061.50","1,068.12","1,151.85",814.3,"1,25,69,454","13,42,56,87,174.35","2,67,496"
2-Feb-24,EQ,"1,088.05","1,096.20","1,065.00","1,084.25","1,067.70","1,067.05","1,078.73","1,151.85",814.3,"86,67,415","9,34,97,78,291.60","2,62,152"
1-Feb-24,EQ,"1,072.65","1,087.65","1,056.80","1,067.75","1,083.45","1,084.25","1,073.44","1,151.85",814.3,"97,56,682","10,47,32,26,767.75","2,13,721"
31-Jan-24,EQ,"1,048.20","1,084.10","1,042.70","1,054.10","1,067.50","1,067.75","1,068.90","1,151.85",814.3,"1,26,00,390","13,46,85,19,443.45","3,03,223"
30-Jan-24,EQ,"1,060.05","1,070.45","1,050.80","1,061.25","1,053.50","1,054.10","1,057.78","1,151.85",814.3,"94,26,983","9,97,16,98,908.40","3,25,034"
29-Jan-24,EQ,"1,036.00","1,068.00","1,036.00","1,042.25","1,060.85","1,061.25","1,058.12","1,151.85",814.3,"1,11,88,604","11,83,89,09,653.55","2,05,125"
25-Jan-24,EQ,"1,058.00","1,063.70","1,025.80","1,059.15","1,050.10","1,042.25","1,037.96","1,151.85",814.3,"2,08,35,434","21,62,63,12,133.15","3,93,518"
24-Jan-24,EQ,"1,034.80","1,073.20","1,020.90","1,089.25","1,059.60","1,059.15","1,050.55","1,151.85",814.3,"2,08,84,046","21,93,96,93,940.10","3,81,021"
23-Jan-24,EQ,"1,125.90","1,141.60","1,078.80","1,121.00","1,082.00","1,089.25","1,101.48","1,151.85",814.3,"1,89,24,087","20,84,45,33,168.65","2,98,496"
20-Jan-24,EQ,"1,121.00","1,126.45","1,102.80","1,116.55","1,118.10","1,121.00","1,115.57","1,151.85",814.3,"50,55,594","5,63,98,82,327.70","1,13,131"
19-Jan-24,EQ,"1,107.15","1,126.30","1,105.00","1,097.50","1,116.00","1,116.55","1,118.44","1,151.85",814.3,"1,23,03,696","13,76,09,61,329.10","3,48,516"
18-Jan-24,EQ,"1,066.00","1,108.75","1,066.00","1,082.30","1,093.25","1,097.50","1,095.78","1,151.85",814.3,"1,14,73,135","12,57,20,42,567.15","2,64,860"
17-Jan-24,EQ,"1,082.00","1,115.00","1,079.20","1,119.10","1,080.75","1,082.30","1,095.23","1,151.85",814.3,"2,49,13,719","27,28,61,73,643.85","5,34,448"
16-Jan-24,EQ,"1,116.65","1,127.80","1,115.10","1,119.50","1,120.20","1,119.10","1,121.84","1,151.85",814.3,"52,29,753","5,86,69,22,578.85","1,51,286"
15-Jan-24,EQ,"1,122.00","1,130.45","1,116.60","1,120.35","1,120.50","1,119.50","1,121.23","1,151.85",814.3,"67,19,079","7,53,36,58,320.55","2,48,969"
12-Jan-24,EQ,"1,126.35","1,129.45","1,118.05","1,125.75","1,119.05","1,120.35","1,122.27","1,151.85",814.3,"56,16,755","6,30,35,28,702.20","2,48,340"
11-Jan-24,EQ,"1,111.05","1,127.90","1,111.05","1,107.00","1,125.00","1,125.75","1,122.67","1,151.85",814.3,"46,83,035","5,25,74,89,790.30","1,43,442"
10-Jan-24,EQ,"1,115.25","1,116.00","1,099.05","1,116.55","1,106.95","1,107.00","1,106.11","1,151.85",814.3,"59,34,163","6,56,38,41,404.30","1,33,259"
9-Jan-24,EQ,"1,128.55","1,135.55","1,112.35","1,122.00","1,118.80","1,116.55","1,124.29","1,151.85",814.3,"63,59,362","7,14,97,64,859.70","1,84,213"
8-Jan-24,EQ,"1,145.00","1,146.00","1,118.50","1,136.95","1,122.00","1,122.00","1,131.56","1,151.85",814.3,"47,35,538","5,35,85,48,732.15","1,40,745"
5-Jan-24,EQ,"1,124.00","1,139.90","1,119.00","1,123.40","1,134.30","1,136.95","1,131.22","1,151.85",814.3,"80,25,466","9,07,85,62,317.50","1,93,046"
4-Jan-24,EQ,"1,103.00","1,130.00","1,100.05","1,098.60","1,125.00","1,123.40","1,120.15","1,151.85",814.3,"1,14,11,683","12,78,27,78,096.05","1,79,554"
3-Jan-24,EQ,"1,091.00","1,102.60","1,081.30","1,093.25","1,098.00","1,098.60","1,093.81","1,151.85",814.3,"1,02,25,290","11,18,44,74,919.70","2,32,835"
2-Jan-24,EQ,"1,095.10","1,099.35","1,082.30","1,097.70","1,089.25","1,093.25","1,091.41","1,151.85",814.3,"78,95,577","8,61,73,45,938.55","1,87,704"
1-Jan-24,EQ,"1,095.00","1,104.00","1,093.00","1,102.30","1,095.00","1,097.70","1,099.75","1,151.85",814.3,"40,83,732","4,49,11,02,999.50","1,60,126"
